username;mobile
situatedantiviral;+49 30 958186884
chillyamount;+49 30 450243800
uglyagnostic;+49 30 342713611
clausiusjester;+49 30 904820015
milksopsaint;+49 30 262096748
speakvisible;+49 30 038443805
compoundused;+49 30 038443806
mowercrazy;+49 30 038443807
occupantkitchener;+49 30 038443808
seriousbudding;
cucumberstatement;
naturepleased;
affixcattishly;
molluskstrikethrough;
gruntzoilist;+49 30 038443814
fryertactless;+49 30 038443815
rockfishbroil;+49 30 038443816
truckdetective;+49 30 038443817
laughernsatchel;+49 30 038443818
patcheshippie;+49 30 038443819
aboundingclountain;+39 06 599 9650
legsmeasuring;+39 06 727 5413
peanutspit;+39 06 238 0725
blinkedcherub;+39 06 487 6999
maltnala;+39 06 905 9389
euroshrug;+39 06 312 3379
rotrely;
trumperyleen;
esterlymph;
kimonocarpus;+49 30 038443829
longtermnuisance;2 175 9441
worldlardass;2 888 7192
slavehoop;2 811 2685
neglectedbagginess;+49 30 038443833
unrulyawful;+49 30 038443834
mulberrysailor;+49 30 038443835
lucidhurricane;+49 30 038443836
gegenscheinwaskerley;+49 30 038443837
betred;
sleuthservlet;
veroniquefund;+49 30 038443840
patienttheme;+49 30 038443841
blushtantrum;+49 30 038443842
terrigunquenched;+49 30 038443843
tragedyactor;+49 30 038443844
kagsobnoxious;+49 30 038443845
monumentalteen;+49 30 038443846
unrefinedcaribou;+49 30 038443847
hominytripod;+49 30 038443848
splotchyexperts;+49 30 038443849